source,author,title,description,url,urlToImage,publishedAt,content
source,author,title,description,url,urlToImage,publishedAt,content
source,author,title,description,url,urlToImage,publishedAt,content
source,author,title,description,url,urlToImage,publishedAt,content
source,author,title,description,url,urlToImage,publishedAt,content
source,author,title,description,url,urlToImage,publishedAt,content
source,author,title,description,url,urlToImage,publishedAt,content
source,author,title,description,url,urlToImage,publishedAt,content
source,author,title,description,url,urlToImage,publishedAt,content
source,author,title,description,url,urlToImage,publishedAt,content
source,author,title,description,url,urlToImage,publishedAt,content
source,author,title,description,url,urlToImage,publishedAt,content
source,author,title,description,url,urlToImage,publishedAt,content
source,author,title,description,url,urlToImage,publishedAt,content
source,author,title,description,url,urlToImage,publishedAt,content
source,author,title,description,url,urlToImage,publishedAt,content
source,author,title,description,url,urlToImage,publishedAt,content
source,author,title,description,url,urlToImage,publishedAt,content
source,author,title,description,url,urlToImage,publishedAt,content
source,author,title,description,url,urlToImage,publishedAt,content
